<application>
  <component name="MaterialThemeNewConfig">
    <option name="accentState">
      <MTAccentConfigState>
        <option name="accentColorHex" value="009688" />
      </MTAccentConfigState>
    </option>
    <option name="metadata">
      <MTMetadataState>
        <option name="userId" value="-3bfcd55:1970c8fddc6:-8000" />
        <option name="version" value="9.7.0" />
        <option name="wizardShown" value="true" />
      </MTMetadataState>
    </option>
  </component>
</application>