<application>
  <component name="Trusted.Paths">
    <option name="TRUSTED_PROJECT_PATHS">
      <map>
        <entry key="C:\Users\medha\AndroidStudioProjects" value="true" />
        <entry key="C:\Users\medha\AndroidStudioProjects\MyApplication" value="true" />
        <entry key="C:\Users\medha\HelloApexApp" value="true" />
        <entry key="C:\Users\medha\UIUX" value="true" />
        <entry key="C:\Users\medha\helloapex" value="true" />
      </map>
    </option>
  </component>
</application>