<application>
  <component name="DimensionService">
    <location key="WELCOME_SCREEN.0.0.1920.1080@120dpi" x="960" y="375" />
  </component>
  <component name="WindowManager">
    <frame x="-9" y="-9" width="1938" height="1038" extendedState="6" />
  </component>
  <component name="WindowStateApplicationService">
    <state x="768" y="380" width="800" height="650" key="WELCOME_SCREEN" timestamp="1748186659120">
      <screen x="0" y="0" width="1536" height="816" />
    </state>
    <state x="768" y="411" width="1550" height="830" key="WELCOME_SCREEN.ideScale=80" timestamp="1749376872292">
      <screen x="0" y="0" width="1536" height="816" />
    </state>
    <state x="768" y="411" width="1550" height="830" key="WELCOME_SCREEN.ideScale=80/0.0.1536.816" timestamp="1749376872292" />
    <state x="768" y="380" width="800" height="650" key="WELCOME_SCREEN/0.0.1536.816" timestamp="1748186659120" />
  </component>
</application>